Variable,Coefficient,Std_Error,t_value,p_value,CI_lower,CI_upper
const,6.443262337153925,0.5200463862479207,12.38978388762852,1.275325281212515e-34,5.423681016837616,7.462843657470234
HoursStudied/Week,3.694649018324872,0.021643058208255024,170.7082697266725,0.0,3.6522165383631027,3.737081498286641
Attendance(%),0.2847749098411443,0.005546403662033771,51.34406494617131,0.0,0.2739008614518383,0.2956489582304503
Gender_Male,-2.0114844040944178,0.16081756140442707,-12.507865350823835,3.070170154724063e-35,-2.3267766278704087,-1.6961921803184268
Tutoring_Yes,14.616088322251567,0.17412410983430343,83.94063485039632,0.0,14.274707832936667,14.957468811566468
Region_Urban,3.1228857791834637,0.16447549456779417,18.986936548752922,4.942951066728948e-77,2.8004219637514995,3.445349594615428
Edu_Secondary,0.7329048885073015,0.2113191779578486,3.4682365111863747,0.0005294213770155071,0.31860129527416653,1.1472084817404364
Edu_Tertiary,3.5043904878452614,0.23185229159112353,15.114754587051177,3.102723043212012e-50,3.0498305258303637,3.958950449860159
