,HoursStudied/Week,Attendance(%),Exam_Score,Study_Efficiency
count,4000.0,4000.0,4000.0,4000.0
mean,9.861025,75.22415,71.10777499999999,7.242148503978581
std,3.7138008197138315,14.496905768015177,16.74894963506203,3.2550088067649448
min,0.0,50.0,16.6,3.961165048543689
25%,7.4,62.6,59.3,5.75609756097561
50%,9.9,75.6,71.55,6.49244290192566
75%,12.6,87.7,83.5,7.661784068466096
max,16.0,100.0,100.0,51.2
